trial,ID,sex ,substrate_type,pauses_side,pauses_top,bipedal_quad_side,bipedal_quad_top,biped_combined,bipedal_side,bipedal_top,biped_tot,total_video_frames,bipedal_percent,no_start_from_standstill,stops_before_end_of_racetrack,calibration,side_amax,side_pmax,side_posmax,side_tmax,side_vmax,side_spline_tol,top_amax,top_pmax,top_posmax,top_tmax,top_vmax,top_spline_tol,peak_v,peak_v_cam
07.14.20_1333,B,F,SD,0,0,Q,B,B,,94,94,504,18.65079365,N,N,1417,40,28.567,0.6247,0.722,1.8698,4.43E-09,19.8443,45.0987,0.7146,0.326,2.5874,2.77E-09,2.5874,2
07.14.20_1407,A,M,SD,0,1,B,B,B,123,75,198,544,36.39705882,N,Y,1412,38,19.9156,0.5608,0.37,1.9391,4.43E-09,3.5158,6.3524,0.5511,0.59,1.8712,5.70E-09,1.9391,2
07.14.20_1444,D,M,SD,0,1,B,B,B,134,50,184,764,24.08376963,N,N,1412,35,25.5234,0.5954,0.462,1.6381,4.43E-09,21.8584,13.9093,0.7158,1.028,1.8266,5.70E-09,1.8266,2
07.14.20_1452,B,F,SD,0,0,Q,Q,Q,,,,,,N,N,1412,38,20.1474,0.6141,0.858,1.1785,4.43E-09,13.2166,13.3815,0.7172,0.478,1.9554,5.70E-09,1.9554,2
07.14.20_1511,C,F,SD,0,0,B,B,B,123,116,239,474,50.42194093,N,N,1412,26,24.6669,0.6322,0.502,2.0184,1.19E-08,6.9243,11.9943,0.7198,0.494,2.0226,5.70E-09,2.0226,2
07.14.20_1521,A,M,SD,0,0,B,B,B,24,49,73,560,13.03571429,N,N,1412,39,36.4655,0.5521,0.732,1.993,5.83E-09,7.9195,13.4585,0.7196,0.426,1.9887,4.30E-09,1.9887,2
07.14.20_1531,E,F,SD,0,1,B,Q,B,57,,57,679,8.394698085,N,N,1412,47,40.038,0.5266,0.658,1.6705,4.43E-09,19.7413,10.6677,0.7163,0.748,1.6736,5.70E-09,1.6736,2
07.14.20_1540,D,M,SD,0,0,B,B,B,50,10,60,625,9.6,N,Y,1412,23,15.9123,0.5992,0.69,1.6604,4.43E-09,14.1353,20.1026,0.6755,0.598,1.6199,3.50E-09,1.6604,1
07.14.20_1549,B,F,SD,0,0,Q,Q,Q,,,,,,N,N,1412,38,21.9648,0.6257,0.694,1.2956,5.73E-09,10.4166,10.5108,0.716,0.6,1.6203,5.70E-09,1.6203,2
07.14.20_1603,E,F,SD,0,0,Q,Q,Q,,,,,,N,Y,1411,38,19.112,0.5995,0.832,1.2934,6.33E-09,12.0728,6.0604,0.7169,0.94,1.2744,9.60E-09,1.2934,1
07.15.20_0942,E,F,SD,0,0,Q,B,B,,86,86,632,13.60759494,N,N,1407,29,19.2221,0.6541,0.64,1.6989,4.43E-09,36.1411,32.3562,0.7187,0.65,1.8684,3.70E-09,1.8684,2
07.15.20_1413,B,F,S,0,0,Q,Q,Q,,,,,,N,N,1433,19,10.744,0.6299,0.924,1.2057,5.43E-09,3.5329,3.7211,0.7076,0.658,1.1824,5.70E-09,1.2057,1
07.15.20_1430,A,M,S,0,0,B,Q,B,75,,75,502,14.94023904,N,N,1433,26,15.8714,0.6015,0.512,1.5762,4.43E-09,16.7847,24.3552,0.7083,0.572,1.881,5.70E-09,1.881,2
07.15.20_1445,D,M,S,0,1,Q,B,B,,84,84,575,14.60869565,N,N,1433,24,22.2981,0.6242,0.54,1.4644,4.43E-09,22.2147,15.3032,0.7063,0.66,1.8661,5.70E-09,1.8661,2
07.15.20_1454,B,F,S,0,0,Q,Q,Q,,,,,,N,N,1433,53,35.1274,0.6044,0.812,1.2748,5.63E-09,7.6794,9.5575,0.7074,0.574,1.8037,5.70E-09,1.8037,2
07.15.20_1534,C,F,S,0,0,B,B,B,113,118,231,677,34.1211226,N,Y,1433,50,21.9631,0.5711,0.458,1.5456,4.43E-09,11.4105,6.381,-6.79E-11,1.352,1.7182,5.70E-09,1.7182,2
07.15.20_1600,A,M,S,0,0,B,Q,B,132,,132,603,21.89054726,N,N,1433,48,32.6214,0.6346,0.43,1.8092,4.43E-09,29.1603,20.0185,0.7072,0.816,1.8181,5.70E-09,1.8181,2
07.15.20_1610,E,F,S,0,0,Q,Q,Q,,,,,,N,N,1433,34,20.9809,0.5456,0.632,1.9439,6.23E-09,22.3735,29.8148,0.7067,0.946,1.9756,5.70E-09,1.9756,2
07.16.20_1005,D,M,D,1,0,B,B,B,44,135,179,612,29.24836601,N,N,1461,27,17.6531,0.5491,0.78,1.4092,6.73E-09,10.2382,14.4734,0.6926,0.45,1.983,5.70E-09,1.983,2
07.16.20_1013,B,F,D,0,0,Q,Q,Q,,,,,,N,N,1461,29,21.2102,0.5535,0.498,1.4603,5.63E-09,12.5053,13.8512,0.6936,0.53,1.8046,5.70E-09,1.8046,2
07.16.20_1042,A,M,D,2,0,B,B,B,60,168,228,798,28.57142857,N,N,1461,37,23.3342,0.5685,1.192,1.7552,9.33E-09,6.5917,11.5173,0.6917,0.38,1.9855,2.28E-09,1.9855,2
07.16.20_1050,C,F,D,0,0,B,B,B,141,146,287,414,69.3236715,N,N,1461,22,19.5703,0.5275,0.468,1.8764,4.43E-09,7.8152,15.2442,0.6923,0.338,2.26,4.10E-09,2.26,2
07.16.20_1127,A,M,D,0,0,B,B,B,51,154,205,496,41.33064516,N,N,1461,18,29.7171,0.5859,0.65,1.7993,4.43E-09,6.6264,12.1261,0.6949,0.388,2.0506,5.70E-09,2.0506,2
07.16.20_1148,B,F,D,0,0,Q,Q,Q,,,,,,N,N,1461,36,15.4212,0.5219,0.526,1.6064,4.43E-09,7.9627,11.0026,0.6949,0.494,1.6569,5.70E-09,1.6569,2
07.16.20_1203,A,M,D,0,0,Q,B,B,,68,68,707,9.618104668,N,N,1461,23,14.3278,0.5052,0.816,1.19,5.73E-09,27.7989,33.0763,0.6931,0.78,1.7234,5.70E-09,1.7234,2
07.16.20_1210,C,F,D,0,0,B,B,B,97,72,169,372,45.43010753,N,N,1461,28,28.8802,0.4167,0.318,1.9624,2.92E-09,5.6726,9.8062,0.6932,0.456,1.9222,5.70E-09,1.9624,1
07.16.20_1419,E,F,D,0,1,Q,B,B,,34,34,648,5.24691358,N,N,1461,38,14.7676,0.4997,0.566,1.1747,4.43E-09,14.8594,16.0958,0.693,0.848,1.6632,5.70E-09,1.6632,2
07.16.20_1430,A,M,D,0,0,B,B,B,114,140,254,361,70.3601108,N,N,1461,44,33.0736,0.506,0.372,1.9275,3.43E-09,7.4607,13.6619,0.6948,0.384,1.962,3.60E-09,1.962,2
07.16.20_1617,C,F,S,0,0,B,B,B,144,75,219,376,58.24468085,N,N,1461,37,19.712,0.5394,0.4,1.754,4.43E-09,12.0078,19.9408,0.6921,0.398,1.8773,2.60E-09,1.8773,2
07.16.20_1624,E,F,S,1,0,Q,Q,Q,,,,,,N,N,1461,38,16.4001,0.5392,0.824,1.3121,5.33E-09,4.9655,5.6541,0.6933,0.54,1.4426,5.70E-09,1.4426,2
07.16.20_1658,E,F,D,1,0,Q,Q,Q,,63,63,844,7.464454976,N,N,1461,22,6.605,0.4794,1.158,1.4323,7.63E-09,18.9596,34.1781,0.694,0.516,2.0799,5.70E-09,2.0799,2
07.16.20_1735,E,F,D,0,1,Q,Q,Q,,,,,,N,N,1461,20,6.7885,0.4688,0.916,0.9645,6.43E-09,28.138,19.0166,0.6936,0.96,1.3713,1.97E-08,1.3713,2
07.23.20_1332,H,F,S,0,0,Q,Q,Q,,,,,,N,N,1445,34,23.7676,0.4821,0.454,1.3837,6.41E-09,21.3087,22.5688,0.6994,0.862,1.5747,5.70E-09,1.5747,2
07.23.20_1340,J,M,S,0,1,Q,Q,Q,,,,,,N,N,1445,23,22.082,0.5159,0.514,1.3816,4.43E-09,21.2614,24.2897,0.701,0.592,1.83,5.70E-09,1.83,2
07.23.20_1350,G,F,S,0,1,Q,Q,Q,,,,,,N,N,1445,31,22.3992,0.5775,0.606,1.2569,5.73E-09,21.1872,27.0997,0.7008,0.768,1.5719,5.70E-09,1.5719,2
07.23.20_1426,H,F,S,0,0,Q,Q,Q,,,,,,N,N,1445,13,8.4479,0.5059,0.672,1.091,4.43E-09,7.4668,9.8653,0.7012,0.578,1.5458,5.70E-09,1.5458,2
07.23.20_1440,G,F,S,0,0,Q,Q,Q,,,,,,N,N,1445,13,7.418,0.5085,0.724,1.1826,6.53E-09,5.9253,6.8993,0.7022,0.556,1.809,5.70E-09,1.809,2
07.23.20_1455,I,F,S,0,0,Q,Q,Q,,,,,,N,N,1445,47,16.9245,0.5246,0.516,1.2613,4.43E-09,10.2881,8.4626,0.7028,0.646,1.3748,5.70E-09,1.3748,2
07.23.20_1537,J,M,S,0,1,Q,B,B,,80,80,439,18.22323462,N,N,1445,27,15.9953,0.4959,0.404,1.566,4.43E-09,31.9389,25.4104,0.7004,0.55,2.1554,2.20E-09,2.1554,2
07.24.20_0952,H,F,D,0,0,Q,B,B,,101,101,630,16.03174603,N,N,1443,37,21.2312,0.4942,0.672,1.2346,5.53E-09,21.8444,13.2674,0.7025,0.658,1.6103,5.70E-09,1.6103,2
07.24.20_0959,I,F,D,0,0,Q,Q,Q,,,,,,N,N,1443,29,17.0549,0.4721,0.394,1.5814,3.33E-09,10.9207,13.6228,0.7034,0.568,1.7488,6.50E-09,1.7488,2
07.24.20_1006,G,F,D,0,0,B,B,B,132,165,297,381,77.95275591,N,N,1443,51,26.8292,0.5212,0.424,1.6531,4.43E-09,11.065,17.1738,0.7026,0.388,1.9554,4.70E-09,1.9554,2
07.24.20_1011,J,M,D,0,0,Q,Q,Q,,,,,,N,N,1443,12,12.0534,0.4636,0.456,1.5101,3.53E-09,21.8933,9.6914,0.7018,0.624,1.5868,5.70E-09,1.5868,2
07.24.20_1054,G,F,D,0,0,B,B,B,123,30,153,389,39.33161954,N,N,1443,20,16.3785,0.4743,0.394,1.7904,3.93E-09,5.8243,10.4253,0.7015,0.422,1.8476,4.10E-09,1.8476,2
07.24.20_1117,H,F,D,0,0,Q,B,B,,133,133,464,28.6637931,N,N,1443,36,16.076,0.4609,0.514,1.4714,4.43E-09,7.2072,12.444,0.7016,0.464,1.8135,4.30E-09,1.8135,2
07.24.20_1129,G,F,D,0,0,B,B,B,105,9,114,381,29.92125984,N,N,1443,15,17.0315,0.4893,0.404,1.7957,4.43E-09,8.8258,17.0319,0.7039,0.4,1.9986,5.70E-09,1.9986,2
07.24.20_1142,J,M,D,1,0,B,B,B,35,24,59,434,13.59447005,N,N,1443,24,24.1755,0.507,0.544,1.9905,4.43E-09,11.3473,19.9372,0.698,0.36,2.127,5.70E-09,2.127,2
07.24.20_1213,J,M,D,1,0,Q,Q,Q,,,,,,N,N,1443,42,43.3464,0.4579,0.518,2.0855,4.43E-09,9.4797,18.159,0.7034,0.458,1.9924,5.70E-09,2.0855,1
07.24.20_1403,I,F,D,0,0,Q,Q,Q,,,,,,N,N,1443,47,21.7974,0.3555,0.25,1.7291,1.59E-09,8.5744,14.7463,0.7007,0.448,1.8029,5.70E-09,1.8029,2
07.24.20_1412,G,F,SD,0,0,B,B,B,79,33,112,439,25.51252847,N,N,1443,34,21.7875,0.4638,0.414,1.6819,4.43E-09,7.219,11.7587,0.7035,0.506,1.7328,5.70E-09,1.7328,2
07.24.20_1424,J,M,SD,0,0,B,B,B,62,82,144,366,39.3442623,N,N,1443,18,18.4358,0.4597,0.368,1.7847,4.43E-09,10.9157,19.3853,0.7033,0.406,1.8645,5.70E-09,1.8645,2
07.24.20_1443,G,F,SD,1,0,Q,B,B,,111,111,545,20.36697248,N,N,1443,26,27.7299,0.4591,0.766,1.7951,3.93E-09,8.0993,15.1068,0.7029,0.364,2.1539,5.70E-09,2.1539,2
07.24.20_1456,J,M,SD,0,0,Q,Q,Q,,,,,,N,N,1443,26,18.4952,0.4562,0.558,1.2857,4.43E-09,11.0721,14.291,0.6835,0.5581,0.6799,5.70E-09,1.2857,1
07.24.20_1505,I,F,SD,1,1,Q,Q,Q,,,,,,N,N,1443,33,23.5766,0.4734,0.922,1.3406,6.43E-09,20.8944,18.7216,0.7022,0.552,1.834,5.70E-09,1.834,1
07.24.20_1515,G,F,SD,1,0,B,B,B,23,26,49,544,9.007352941,N,N,1443,33,35.1485,0.4845,0.722,1.7614,4.43E-09,12.896,19.8947,0.7034,0.412,2.0606,4.80E-09,2.0606,2
07.24.20_1606,J,M,SD,1,0,B,B,B,18,70,88,435,20.22988506,N,N,1443,21,25.527,0.4758,0.56,1.8157,5.51E-09,11.6689,21.5252,0.7016,0.36,2.1656,5.70E-09,2.1656,2
07.24.20_1613,I,F,SD,1,0,Q,Q,Q,,,,,,N,N,1443,26,12.3315,0.3986,0.688,1.2334,4.43E-09,8.9407,7.9499,0.7036,0.616,1.4504,5.70E-09,1.4504,2
07.24.20_1635,H,F,SD,0,0,Q,Q,Q,,,,,,N,N,1443,31,9.8834,0.4724,0.654,0.9373,5.13E-09,14.732,16.5338,0.7024,0.634,1.7377,5.70E-09,1.7377,2
07.25.20_0850,I,F,S,1,0,Q,B,B,,60,60,587,10.22146508,N,N,1433,33,14.726,0.5631,0.772,1.3937,4.43E-09,9.4016,12.8113,0.7072,0.496,2.0595,5.70E-09,2.0595,2
07.25.20_0909,J,M,S,0,1,B,B,B,145,100,245,483,50.72463768,N,N,1433,31,19.5477,0.5213,0.408,1.5991,2.93E-09,25.7572,38.7561,0.7081,0.614,1.9559,5.70E-09,1.9559,2
07.25.20_0922,I,F,S,1,0,Q,B,B,,20,20,536,3.731343284,N,N,1433,31,18.4642,0.4595,0.664,1.3656,5.83E-09,29.0389,15.5013,0.7057,0.684,1.9208,3.90E-09,1.9208,2
07.25.20_0932,H,F,S,0,0,B,B,B,105,6,111,487,22.7926078,N,N,1433,43,33.6925,0.522,0.376,1.7349,3.63E-09,18.7168,18.3539,0.7068,0.644,1.7426,5.70E-09,1.7426,2
07.28.20_1400,K,F,D,1,0,B,B,B,58,23,81,536,15.1119403,N,N,1456,38,36.0197,0.5401,0.638,1.755,7.53E-09,6.85,10.3943,0.6973,0.47,1.706,5.70E-09,1.755,1
07.28.20_1407,M,F,D,0,0,B,B,B,48,70,118,403,29.28039702,N,N,1456,21,16.5152,0.4981,0.43,1.6924,4.43E-09,12.0483,20.2544,0.6957,0.396,1.9889,5.70E-09,1.9889,2
07.28.20_1445,M,F,D,1,0,B,B,B,72,50,122,470,25.95744681,N,N,1456,57,57.7555,0.4927,0.582,1.657,4.43E-09,36.7036,48.6136,0.6946,0.408,1.9565,3.50E-09,1.9565,2
07.28.20_1451,L,F,D,0,1,Q,Q,Q,,,,,,N,N,1456,30,14.0758,0.4501,0.654,1.3081,4.43E-09,27.871,26.8804,0.6949,0.584,2.0844,5.70E-09,2.0844,2
07.28.20_1511,K,F,D,1,0,Q,B,B,,98,98,526,18.63117871,N,N,1456,37,14.1903,0.5223,0.662,1.278,4.43E-09,16.3568,15.3806,0.6961,0.468,1.795,5.70E-09,1.795,2
07.28.20_1524,L,F,D,1,0,B,B,B,38,80,118,640,18.4375,N,N,1456,27,17.5243,0.4967,0.884,1.498,6.73E-09,7.7291,12.8409,0.6953,0.44,1.7764,5.70E-09,1.7764,2
07.28.20_1542,K,F,D,1,0,Q,Q,Q,,,,,,N,N,1456,12,11.292,0.4691,0.716,1.5737,4.43E-09,9.8418,15.5925,0.698,0.464,1.7033,5.70E-09,1.7033,2
07.28.20_1549,M,F,D,1,0,Q,Q,Q,,,,,,N,N,1456,36,17.0453,0.4991,0.71,1.5432,6.09E-09,10.2366,20.4199,0.6948,0.398,2.0918,5.70E-09,2.0918,2
07.28.20_1556,L,F,D,0,0,Q,Q,Q,,,,,,N,N,1456,39,15.7674,0.4284,0.422,1.3366,4.43E-09,19.017,22.6175,0.6952,0.64,1.6915,5.70E-09,1.6915,2
07.28.20_1612,K,F,SD,0,0,Q,Q,Q,,,,,,N,N,1456,23,16.5774,0.4897,0.626,1.2692,6.23E-09,8.3625,10.2507,0.6941,0.574,1.6091,5.70E-09,1.6091,2
07.28.20_1623,M,F,SD,1,0,B,B,B,47,43,90,562,16.01423488,N,N,1456,26,19.9668,0.4244,0.678,1.7251,4.43E-09,14.0818,20.1942,0.6954,0.492,1.7499,5.70E-09,1.7499,2
07.28.20_1630,L,F,SD,0,1,Q,Q,Q,,,,,,N,N,1456,22,12.4283,0.4787,0.44,1.4573,4.43E-09,17.588,8.2569,0.6948,1.138,1.4173,1.11E-08,1.4573,1
07.28.20_1715,L,F,SD,0,0,Q,Q,Q,,,,,,N,N,1456,57,28.6822,0.4602,0.468,1.3364,4.43E-09,9.6764,12.7875,0.6961,0.626,1.6591,5.70E-09,1.6591,2
07.28.20_1739,M,F,SD,0,0,Q,B,B,,57,57,462,12.33766234,N,N,1456,25,28.0657,0.4539,0.606,1.612,4.43E-09,5.2707,10.4702,0.6968,0.37,2.1614,4.20E-09,2.1614,2
07.29.20_0957,L,F,SD,0,0,Q,B,B,,64,64,557,11.49012567,N,N,1451,17,10.8577,0.5092,0.566,1.2092,3.83E-09,12.0177,15.9374,0.6983,0.632,1.6742,5.70E-09,1.6742,2
07.29.20_1003,K,F,SD,1,0,B,B,B,75,14,89,592,15.03378378,N,N,1451,37,16.8155,0.4912,0.642,1.4974,5.03E-09,14.5483,25.0213,0.6959,0.594,1.851,5.70E-09,1.851,2
07.29.20_1028,L,F,SD,0,0,Q,Q,Q,,,,,,N,N,1451,47,28.5809,0.4662,0.592,1.1348,4.43E-09,11.5524,16.5382,0.6983,0.574,1.6866,5.70E-09,1.6866,2
07.29.20_1034,K,F,SD,0,0,Q,Q,Q,,,,,,N,N,1451,26,7.1702,0.3678,0.444,1.0711,5.13E-09,7.7554,9.2106,0.6986,0.532,1.7152,5.70E-09,1.7152,2
07.29.20_1042,M,F,SD,0,0,Q,Q,Q,,,,,,N,N,1451,25,11.7011,0.4694,0.45,1.2468,4.43E-09,11.0865,16.3009,0.6988,0.534,1.7537,5.70E-09,1.7537,2
07.29.20_1518,K,F,S,1,1,Q,Q,Q,,,,,,N,N,1453,35,14.7001,0.5762,0.1018,1.4401,7.93E-09,13.3633,12.6831,0.6978,0.636,1.337,5.70E-09,1.4401,2
07.29.20_1541,L,F,S,1,0,Q,Q,Q,,,,,,N,N,1453,23,7.4981,0.5865,0.95,1.0253,5.23E-09,11.5735,10.4408,0.6965,0.622,1.7576,5.70E-09,1.7576,2
07.29.20_1558,M,F,S,0,0,Q,Q,Q,,,,,,N,N,1453,30,11.3757,0.5453,0.648,1.5117,5.83E-09,8.7569,11.9199,0.697,0.592,1.6129,5.70E-09,1.6129,2
07.29.20_1631,K,F,S,2,0,Q,Q,Q,,,,,,N,N,1453,33,21.1313,0.5557,0.882,1.456,5.63E-09,19.2659,20.5517,0.6971,0.518,1.6252,3.80E-09,1.6252,2
07.29.20_1656,L,F,S,1,0,Q,Q,Q,,,,,,N,N,1453,43,31.2058,0.5251,0.804,1.1386,5.63E-09,9.6789,8.5748,0.6977,0.752,1.2142,5.70E-09,1.2142,2
07.30.20_1527,O,F,D,0,0,B,B,B,25,176,201,408,49.26470588,N,N,1452,17,13.1746,0.4543,0.462,1.5696,4.73E-09,9.3969,17.4901,0.6956,0.402,1.9701,3.30E-09,1.9701,2
07.30.20_1536,Q,M,D,0,0,Q,Q,Q,,,,,,N,N,1452,25,11.2169,0.4839,0.438,1.637,4.43E-09,7.8065,12.8161,0.6965,0.398,1.9432,5.70E-09,1.9432,2
07.30.20_1547,R,F,D,0,0,B,B,B,68,155,223,345,64.63768116,N,N,1452,42,28.9623,0.4683,0.38,1.8589,3.03E-09,11.4766,20.9971,0.6962,0.35,2.2559,3.40E-09,2.2559,2
07.30.20_1558,O,F,D,0,0,Q,Q,Q,,,,,,N,N,1452,30,18.1485,0.5098,0.414,1.7247,4.43E-09,13.1016,21.0236,0.6986,0.464,1.6947,3.70E-09,1.7247,1
07.30.20_1607,Q,M,D,0,0,B,B,B,72,133,205,401,51.12219451,N,N,1452,32,21.9549,0.5238,0.42,1.5769,4.43E-09,5.8404,10.3453,0.6995,0.406,1.8965,3.60E-09,1.8965,2
07.30.20_1638,Q,M,D,0,0,Q,Q,Q,,,,,,N,N,1452,28,10.614,0.5174,0.554,1.3926,4.43E-09,11.3135,14.1537,0.6987,0.524,1.6686,5.70E-09,1.6686,2
07.30.20_1651,R,F,D,0,0,B,B,B,110,155,265,368,72.01086957,N,N,1452,35,24.1898,0.4944,0.422,1.869,4.43E-09,6.5108,13.1874,0.6978,0.354,2.1369,5.70E-09,2.1369,2
07.30.20_1723,R,F,S,0,1,Q,Q,Q,,,,,,N,N,1452,24,22.2597,0.5303,0.438,1.5021,4.43E-09,22.1457,11.2838,0.6982,0.774,1.4537,5.70E-09,1.5021,1
07.31.20_0933,O,F,S,0,0,Q,Q,Q,,,,,,N,N,1446,25,12.5074,0.4155,0.33,1.6696,3.13E-09,12.0976,10.1769,0.7018,0.702,1.6575,5.70E-09,1.6696,2
07.31.20_1037,R,F,S,0,0,B,B,B,117,130,247,524,47.13740458,N,N,1446,33,15.0891,0.5881,0.454,1.6209,3.53E-09,8.4604,12.5761,0.6912,0.652,1.6059,5.70E-09,1.6209,2
07.31.20_1405,R,F,S,0,0,Q,B,B,,52,52,517,10.05802708,N,N,1445,32,14.0732,0.607,0.496,1.5379,5.43E-09,16.519,16.9374,0.7012,0.618,1.681,5.70E-09,1.681,2
07.31.20_1439,R,F,SD,0,0,Q,Q,Q,,,,,,N,Y,1445,32,14.2509,0.5603,0.52,1.5641,4.43E-09,18.5591,7.8298,-1.12E-09,1.09,1.32,1.28E-08,1.5641,2
07.31.20_1450,Q,M,SD,2,0,Q,Q,Q,,,,,,N,N,1445,25,10.3411,0.5346,1.048,1.1834,7.43E-09,10.8935,9.6723,0.7016,0.686,1.3117,5.70E-09,1.3117,2
07.31.20_1506,O,F,SD,1,0,Q,Q,Q,,,,,,N,N,1445,32,16.2215,0.5154,0.674,1.5186,4.43E-09,6.7521,9.7791,0.7009,0.494,1.6053,5.70E-09,1.6053,2
07.31.20_1525,Q,M,SD,0,0,Q,Q,Q,,,,,,N,N,1445,33,15.32,0.4491,0.598,1.2319,4.43E-09,14.405,19.587,0.7021,0.534,1.6026,5.70E-09,1.6026,2
07.31.20_1543,O,F,SD,0,0,B,Q,B,91,,91,486,18.72427984,N,N,1445,49,22.0461,0.5441,0.414,1.6991,4.43E-09,37.9658,21.6113,0.701,0.62,1.6696,5.70E-09,1.6991,1
07.31.20_1603,R,F,SD,0,0,Q,Q,Q,,,,,,N,N,1445,42,22.1619,0.5307,0.618,1.1973,4.43E-09,16.8378,16.9843,0.7005,0.55,1.6878,3.50E-09,1.6878,2
07.31.20_1724,O,F,SD,1,0,Q,Q,Q,,,,,,N,N,1445,46,24.8353,0.5099,0.362,1.7426,7.03E-09,7.2272,10.5051,0.7006,0.506,1.7419,5.70E-09,1.7426,2
07.31.20_1750,Q,M,SD,0,0,Q,Q,Q,,,,,,N,N,1445,24,15.9813,0.4857,0.668,1.1431,4.43E-09,17.5444,15.4735,0.7015,0.682,1.3022,5.70E-09,1.3022,2
08.01.20_0929,O,F,S,1,0,Q,B,B,,88,88,582,15.12027491,N,N,1445,59,40.2476,0.5877,0.724,1.4201,5.03E-09,13.0207,17.0246,0.7004,0.498,1.7991,5.70E-09,1.7991,2
08.01.20_0944,R,F,S,0,0,B,B,B,81,156,237,425,55.76470588,N,N,1445,25,13.8836,0.552,0.43,2.0255,2.83E-09,3.5936,7.0962,0.7012,0.354,2.0743,4.50E-09,2.0743,2
08.01.20_1114,Q,M,S,1,0,Q,Q,Q,,,,,,N,Y,1445,23,17.8146,0.5338,1.06,1.2552,4.43E-09,2.7734,3.2987,0.6217,0.72,1.2721,5.70E-09,1.2721,2
08.05.20_1528,S,F,SD,0,0,Q,B,B,,61,61,374,16.31016043,N,N,1450,17,16.4014,0.5215,0.432,2.08,3.13E-09,8.6561,17.1404,0.6962,0.35,2.1127,5.70E-09,2.1127,2
08.05.20_1536,T,F,SD,0,1,B,B,B,133,116,249,504,49.4047619,N,N,1450,46,27.9042,0.523,0.378,1.766,3.13E-09,42.4074,23.465,0.699,0.678,1.7618,5.70E-09,1.766,1
08.05.20_1559,S,F,SD,0,0,B,B,B,46,139,185,368,50.27173913,N,N,1450,28,19.2866,0.5435,0.416,1.8836,4.43E-09,6.2542,11.3855,0.6973,0.36,2.1219,5.70E-09,2.1219,2
08.05.20_1608,T,F,SD,1,0,B,B,B,44,138,182,399,45.61403509,N,N,1450,28,32.2058,0.4468,0.516,2.08,4.43E-09,10.95,21.0817,0.6977,0.322,2.3827,5.70E-09,2.3827,2
08.05.20_1639,T,F,SD,0,0,B,B,B,173,21,194,434,44.70046083,N,N,1450,47,25.2233,0.5367,0.402,1.8724,3.13E-09,7.2506,12.7797,0.6845,0.514,1.8576,4.10E-09,1.8724,1
08.05.20_1710,T,M,SD,0,0,B,B,B,139,106,245,335,73.13432836,N,N,1450,42,20.2963,0.5324,0.366,2.0227,2.93E-09,9.6515,18.7699,0.6983,0.344,2.1754,3.70E-09,2.1754,2
08.06.20_0941,T,M,D,0,0,B,B,B,98,100,198,423,46.80851064,N,N,1455,41,21.1156,0.5396,0.398,1.7358,3.13E-09,14.2748,22.3499,0.6947,0.488,1.892,5.70E-09,1.892,2
08.06.20_1012,T,M,D,0,0,B,B,B,130,59,189,344,54.94186047,N,N,1455,37,24.3914,0.5272,0.37,1.9738,4.43E-09,12.1311,22.9335,0.6957,0.356,2.0975,2.38E-09,2.0975,2
08.06.20_1036,S,M,D,0,0,Q,Q,Q,,,,,,N,N,1455,37,19.6722,0.4952,0.588,1.736,4.43E-09,8.5148,13.7703,0.6971,0.348,2.2335,3.80E-09,2.2335,2
08.06.20_1043,T,M,D,0,0,B,B,B,99,84,183,352,51.98863636,N,N,1455,43,27.5478,0.5016,0.404,2.0041,4.43E-09,15.1173,31.9325,0.695,0.336,2.3091,2.60E-09,2.3091,2
08.06.20_1435,T,M,S,0,0,B,B,B,119,158,277,343,80.75801749,N,N,1438,54,28.7382,0.5258,0.348,1.848,4.43E-09,34.9705,69.0194,0.7031,0.38,2.096,5.70E-09,2.096,2
08.06.20_1542,S,M,S,0,0,B,B,B,104,46,150,414,36.23188406,N,N,1438,23,24.0085,0.4042,0.282,2.1279,4.43E-09,10.7084,22.9735,0.706,0.582,2.2058,2.29E-09,2.2058,2
08.06.20_1614,S,M,S,0,0,Q,B,B,,87,87,502,17.33067729,N,N,1438,23,11.2234,0.4191,0.486,1.1919,4.43E-09,13.2506,21.3267,0.7034,0.61,1.9727,8.80E-09,1.9727,2
08.14.20_1535,U,F,S,1,0,Q,Q,Q,,,,,,N,N,1445,31,25.9815,0.475,0.464,1.507,4.23E-09,10.4509,13.8305,0.7021,0.434,1.7989,4.10E-09,1.7989,2
08.14.20_1608,U,F,S,0,0,Q,B,B,,88,88,351,25.07122507,N,N,1445,18,12.9976,0.3442,0.308,1.4475,2.63E-09,3.9236,6.008,0.7028,0.458,1.6709,5.70E-09,1.6709,2
08.14.20_1644,U,F,SD,1,0,B,B,B,32,90,122,496,24.59677419,N,N,1445,40,64.2167,0.5253,0.64,1.6215,4.43E-09,20.9724,26.7537,0.6994,0.49,1.9681,8.09E-09,1.9681,2
08.14.20_1715,U,F,SD,0,0,Q,B,B,,55,55,448,12.27678571,N,N,1445,22,9.5932,0.4664,0.428,1.3229,4.43E-09,15.5427,21.0642,0.6984,0.534,2.2026,6.80E-09,2.2026,2
08.14.20_1746,U,F,SD,0,0,B,B,B,93,255,348,431,80.7424594,N,N,1445,18,14.4359,0.5098,0.436,1.5695,2.83E-09,16.6119,28.9026,0.7009,0.476,2.1703,5.70E-09,2.1703,2
08.15.20_0955,U,F,D,1,0,B,B,B,68,43,111,521,21.30518234,N,N,1450,36,25.5666,0.5699,0.676,1.7749,4.43E-09,10.641,18.4894,0.6988,0.408,2.0719,5.70E-09,2.0719,2
08.15.20_1027,U,F,D,0,0,B,B,B,166,113,279,386,72.27979275,N,N,1450,31,18.0382,0.5159,0.408,1.7478,3.73E-09,9.1499,15.6629,0.6961,0.406,1.8558,5.70E-09,1.8558,2
08.15.20_1101,U,F,D,1,0,Q,B,B,,51,51,490,10.40816327,N,N,1450,26,29.9882,0.5238,0.62,1.6157,4.43E-09,12.8556,25.25,0.6972,0.408,2.288,5.70E-09,2.288,2
08.15.20_1137,U,F,D,1,0,B,B,B,28,98,126,514,24.51361868,N,N,1450,46,27.3005,0.4562,0.708,1.5092,4.43E-09,16.8343,22.2904,0.6996,0.372,2.2999,5.70E-09,2.2999,2
08.15.20_1141,U,F,D,0,0,B,B,B,133,58,191,424,45.04716981,N,N,1450,16,13.245,0.5147,0.454,1.6856,3.33E-09,9.6788,16.8509,0.6979,0.434,1.818,5.70E-09,1.818,2
09.02.20_1436,V,M,D,0,0,B,B,B,82,129,211,361,58.44875346,N,N,1455,37,37.3417,0.4424,0.458,1.9086,4.43E-09,10.521,21.3197,0.6969,0.302,2.6457,4.20E-09,2.6457,2
09.02.20_1507,V,M,D,0,0,B,B,B,91,82,173,385,44.93506494,N,N,1455,28,18.5472,0.5433,0.384,1.7904,4.43E-09,32.0585,49.4118,0.6947,0.424,2.6335,5.70E-09,2.6335,2
09.02.20_1538,V,M,D,1,0,B,B,B,33,137,170,389,43.70179949,N,N,1455,65,47.2294,0.4495,0.494,2.1199,4.43E-09,6.3628,12.5604,0.6915,0.31,2.4173,3.40E-09,2.4173,2
09.02.20_1640,V,M,SD,0,0,Q,Q,Q,,,,,,N,N,1455,36,24.7311,0.3825,0.304,1.648,4.43E-09,14.7608,22.3067,0.6957,0.462,1.9227,3.70E-09,1.9227,2
09.03.20_0945,V,M,SD,0,0,Q,B,B,,81,81,309,26.21359223,N,N,1438,36,29.1288,0.4702,0.322,1.9815,2.21E-09,8.6273,20.058,0.707,0.334,2.4677,5.70E-09,2.4677,2
09.03.20_1016,V,M,SD,1,0,B,B,B,53,146,199,469,42.43070362,N,N,1438,35,36.0002,0.5075,0.586,1.7411,4.43E-09,13.7458,24.786,0.7053,0.392,2.2124,5.70E-09,2.2124,2
09.03.20_1502,V,M,S,0,0,Q,Q,Q,,,,,,N,N,1446,29,19.9674,0.3605,0.318,1.4674,3.23E-09,13.0152,19.8128,0.6993,0.506,1.702,4.60E-09,1.702,2
09.03.20_1533,V,M,S,1,0,Q,Q,Q,,,,,,N,N,1446,17,15.2272,0.4166,0.5341,1.3119,4.43E-09,11.6306,14.5614,0.7017,0.492,1.6966,4.20E-09,1.6966,2
